id,run_id,category,variable_name,baseline_value,requested_value,effective_value,verification_source,verification_status,changed_from_control,observed_monotonic_ns
14,run-4dfaa589bcb147a9a0bdcd5ba6ab682d,device_profile,Android.OpenGL.NumRemoteProgramCompileServices,4,4,,/Users/flash/Library/Application Support/TFTMAC/Modes/advanced_diagnostics/Captures/2026-09-10T13-25-20.763Z-e5fb4388-d791-4e8b-b8e4-76bfb8bac07f/logcat.raw.txt,UNOBSERVED,0,1162914324938625
15,run-4dfaa589bcb147a9a0bdcd5ba6ab682d,device_profile,Android.Vulkan.NumRemoteProgramCompileServices,0,0,,/Users/flash/Library/Application Support/TFTMAC/Modes/advanced_diagnostics/Captures/2026-09-10T13-25-20.763Z-e5fb4388-d791-4e8b-b8e4-76bfb8bac07f/logcat.raw.txt,UNOBSERVED,0,1162914325031833
91,run-4dfaa589bcb147a9a0bdcd5ba6ab682d,device_profile,a.Budget.BudgetMs,6.0,6.0,,/Users/flash/Library/Application Support/TFTMAC/Modes/advanced_diagnostics/Captures/2026-09-10T13-25-20.763Z-e5fb4388-d791-4e8b-b8e4-76bfb8bac07f/logcat.raw.txt,UNOBSERVED,0,1162914326431375
16,run-4dfaa589bcb147a9a0bdcd5ba6ab682d,device_profile,a.StripFramesOnCompression,1,1,,/Users/flash/Library/Application Support/TFTMAC/Modes/advanced_diagnostics/Captures/2026-09-10T13-25-20.763Z-e5fb4388-d791-4e8b-b8e4-76bfb8bac07f/logcat.raw.txt,UNOBSERVED,0,1162914325058750
17,run-4dfaa589bcb147a9a0bdcd5ba6ab682d,device_profile,a.StripOddFramesWhenFrameStripping,1,1,,/Users/flash/Library/Application Support/TFTMAC/Modes/advanced_diagnostics/Captures/2026-09-10T13-25-20.763Z-e5fb4388-d791-4e8b-b8e4-76bfb8bac07f/logcat.raw.txt,UNOBSERVED,0,1162914325087416
18,run-4dfaa589bcb147a9a0bdcd5ba6ab682d,device_profile,a.UseFrameTimeStampsForPacing,1,1,,/Users/flash/Library/Application Support/TFTMAC/Modes/advanced_diagnostics/Captures/2026-09-10T13-25-20.763Z-e5fb4388-d791-4e8b-b8e4-76bfb8bac07f/logcat.raw.txt,UNOBSERVED,0,1162914325105583
19,run-4dfaa589bcb147a9a0bdcd5ba6ab682d,device_profile,android.PSOService.MaxPriPSOPrecacheAffinity,0,0,,/Users/flash/Library/Application Support/TFTMAC/Modes/advanced_diagnostics/Captures/2026-09-10T13-25-20.763Z-e5fb4388-d791-4e8b-b8e4-76bfb8bac07f/logcat.raw.txt,UNOBSERVED,0,1162914325124083
20,run-4dfaa589bcb147a9a0bdcd5ba6ab682d,device_profile,android.PSOService.MinPriPSOPrecacheAffinity,7,7,,/Users/flash/Library/Application Support/TFTMAC/Modes/advanced_diagnostics/Captures/2026-09-10T13-25-20.763Z-e5fb4388-d791-4e8b-b8e4-76bfb8bac07f/logcat.raw.txt,UNOBSERVED,0,1162914325141041
21,run-4dfaa589bcb147a9a0bdcd5ba6ab682d,device_profile,android.PSOService.NormalPriPSOPrecacheAffinity,31,31,,/Users/flash/Library/Application Support/TFTMAC/Modes/advanced_diagnostics/Captures/2026-09-10T13-25-20.763Z-e5fb4388-d791-4e8b-b8e4-76bfb8bac07f/logcat.raw.txt,UNOBSERVED,0,1162914325161583
22,run-4dfaa589bcb147a9a0bdcd5ba6ab682d,device_profile,fx.Niagara.PSOPrecache.ReverseCulling,0,0,,/Users/flash/Library/Application Support/TFTMAC/Modes/advanced_diagnostics/Captures/2026-09-10T13-25-20.763Z-e5fb4388-d791-4e8b-b8e4-76bfb8bac07f/logcat.raw.txt,UNOBSERVED,0,1162914325196458
23,run-4dfaa589bcb147a9a0bdcd5ba6ab682d,device_profile,grass.Enable,0,0,,/Users/flash/Library/Application Support/TFTMAC/Modes/advanced_diagnostics/Captures/2026-09-10T13-25-20.763Z-e5fb4388-d791-4e8b-b8e4-76bfb8bac07f/logcat.raw.txt,UNOBSERVED,0,1162914325214625
24,run-4dfaa589bcb147a9a0bdcd5ba6ab682d,device_profile,p.ClothPhysics,0,0,,/Users/flash/Library/Application Support/TFTMAC/Modes/advanced_diagnostics/Captures/2026-09-10T13-25-20.763Z-e5fb4388-d791-4e8b-b8e4-76bfb8bac07f/logcat.raw.txt,UNOBSERVED,0,1162914325236666
25,run-4dfaa589bcb147a9a0bdcd5ba6ab682d,device_profile,p.RigidBodyNode,0,0,,/Users/flash/Library/Application Support/TFTMAC/Modes/advanced_diagnostics/Captures/2026-09-10T13-25-20.763Z-e5fb4388-d791-4e8b-b8e4-76bfb8bac07f/logcat.raw.txt,UNOBSERVED,0,1162914325253958
26,run-4dfaa589bcb147a9a0bdcd5ba6ab682d,device_profile,r.Android.DisableVulkanSupport,1,1,,/Users/flash/Library/Application Support/TFTMAC/Modes/advanced_diagnostics/Captures/2026-09-10T13-25-20.763Z-e5fb4388-d791-4e8b-b8e4-76bfb8bac07f/logcat.raw.txt,UNOBSERVED,0,1162914325270875
27,run-4dfaa589bcb147a9a0bdcd5ba6ab682d,device_profile,r.Android.EnableAdrenoTilingHint,2,2,,/Users/flash/Library/Application Support/TFTMAC/Modes/advanced_diagnostics/Captures/2026-09-10T13-25-20.763Z-e5fb4388-d791-4e8b-b8e4-76bfb8bac07f/logcat.raw.txt,UNOBSERVED,0,1162914325288833
28,run-4dfaa589bcb147a9a0bdcd5ba6ab682d,device_profile,r.DefaultBackBufferPixelFormat,0,0,,/Users/flash/Library/Application Support/TFTMAC/Modes/advanced_diagnostics/Captures/2026-09-10T13-25-20.763Z-e5fb4388-d791-4e8b-b8e4-76bfb8bac07f/logcat.raw.txt,UNOBSERVED,0,1162914325307333
29,run-4dfaa589bcb147a9a0bdcd5ba6ab682d,device_profile,r.DiscardUnusedQuality,1,1,,/Users/flash/Library/Application Support/TFTMAC/Modes/advanced_diagnostics/Captures/2026-09-10T13-25-20.763Z-e5fb4388-d791-4e8b-b8e4-76bfb8bac07f/logcat.raw.txt,UNOBSERVED,0,1162914325323625
30,run-4dfaa589bcb147a9a0bdcd5ba6ab682d,device_profile,r.ForceSceneHasDecals,1,1,,/Users/flash/Library/Application Support/TFTMAC/Modes/advanced_diagnostics/Captures/2026-09-10T13-25-20.763Z-e5fb4388-d791-4e8b-b8e4-76bfb8bac07f/logcat.raw.txt,UNOBSERVED,0,1162914325339750
31,run-4dfaa589bcb147a9a0bdcd5ba6ab682d,device_profile,r.FreeSkeletalMeshBuffers,1,1,,/Users/flash/Library/Application Support/TFTMAC/Modes/advanced_diagnostics/Captures/2026-09-10T13-25-20.763Z-e5fb4388-d791-4e8b-b8e4-76bfb8bac07f/logcat.raw.txt,UNOBSERVED,0,1162914325355583
32,run-4dfaa589bcb147a9a0bdcd5ba6ab682d,device_profile,r.HZB.BuildUseCompute,0,0,,/Users/flash/Library/Application Support/TFTMAC/Modes/advanced_diagnostics/Captures/2026-09-10T13-25-20.763Z-e5fb4388-d791-4e8b-b8e4-76bfb8bac07f/logcat.raw.txt,UNOBSERVED,0,1162914325373833
33,run-4dfaa589bcb147a9a0bdcd5ba6ab682d,device_profile,r.MSAACount,4,4,,/Users/flash/Library/Application Support/TFTMAC/Modes/advanced_diagnostics/Captures/2026-09-10T13-25-20.763Z-e5fb4388-d791-4e8b-b8e4-76bfb8bac07f/logcat.raw.txt,UNOBSERVED,0,1162914325390083
34,run-4dfaa589bcb147a9a0bdcd5ba6ab682d,device_profile,r.MaterialQualityLevel,0,0,,/Users/flash/Library/Application Support/TFTMAC/Modes/advanced_diagnostics/Captures/2026-09-10T13-25-20.763Z-e5fb4388-d791-4e8b-b8e4-76bfb8bac07f/logcat.raw.txt,UNOBSERVED,0,1162914325406125
35,run-4dfaa589bcb147a9a0bdcd5ba6ab682d,device_profile,r.MeshDrawCommands.AllowOnDemandShaderCreation,1,1,,/Users/flash/Library/Application Support/TFTMAC/Modes/advanced_diagnostics/Captures/2026-09-10T13-25-20.763Z-e5fb4388-d791-4e8b-b8e4-76bfb8bac07f/logcat.raw.txt,UNOBSERVED,0,1162914325422000
36,run-4dfaa589bcb147a9a0bdcd5ba6ab682d,device_profile,r.Mobile.CustomDepthForTranslucency,1,1,,/Users/flash/Library/Application Support/TFTMAC/Modes/advanced_diagnostics/Captures/2026-09-10T13-25-20.763Z-e5fb4388-d791-4e8b-b8e4-76bfb8bac07f/logcat.raw.txt,UNOBSERVED,0,1162914325446208
37,run-4dfaa589bcb147a9a0bdcd5ba6ab682d,device_profile,r.MobileContentScaleFactor,0.0,0.0,,/Users/flash/Library/Application Support/TFTMAC/Modes/advanced_diagnostics/Captures/2026-09-10T13-25-20.763Z-e5fb4388-d791-4e8b-b8e4-76bfb8bac07f/logcat.raw.txt,UNOBSERVED,0,1162914325462208
38,run-4dfaa589bcb147a9a0bdcd5ba6ab682d,device_profile,r.OpenGL.DeferTextureCreation,0,0,,/Users/flash/Library/Application Support/TFTMAC/Modes/advanced_diagnostics/Captures/2026-09-10T13-25-20.763Z-e5fb4388-d791-4e8b-b8e4-76bfb8bac07f/logcat.raw.txt,UNOBSERVED,0,1162914325478166
39,run-4dfaa589bcb147a9a0bdcd5ba6ab682d,device_profile,r.OpenGL.DeferTextureCreationKeepLowerMipCount,16,16,,/Users/flash/Library/Application Support/TFTMAC/Modes/advanced_diagnostics/Captures/2026-09-10T13-25-20.763Z-e5fb4388-d791-4e8b-b8e4-76bfb8bac07f/logcat.raw.txt,UNOBSERVED,0,1162914325496375
40,run-4dfaa589bcb147a9a0bdcd5ba6ab682d,device_profile,r.OpenGL.EnableProgramLRUCache,1,1,,/Users/flash/Library/Application Support/TFTMAC/Modes/advanced_diagnostics/Captures/2026-09-10T13-25-20.763Z-e5fb4388-d791-4e8b-b8e4-76bfb8bac07f/logcat.raw.txt,UNOBSERVED,0,1162914325512500
41,run-4dfaa589bcb147a9a0bdcd5ba6ab682d,device_profile,r.OpenGL.ProgramLRUEvictTimeSeconds,0,0,,/Users/flash/Library/Application Support/TFTMAC/Modes/advanced_diagnostics/Captures/2026-09-10T13-25-20.763Z-e5fb4388-d791-4e8b-b8e4-76bfb8bac07f/logcat.raw.txt,UNOBSERVED,0,1162914325528916
42,run-4dfaa589bcb147a9a0bdcd5ba6ab682d,device_profile,r.OpenGL.ProgramLRUKeepBinaryResident,1,1,,/Users/flash/Library/Application Support/TFTMAC/Modes/advanced_diagnostics/Captures/2026-09-10T13-25-20.763Z-e5fb4388-d791-4e8b-b8e4-76bfb8bac07f/logcat.raw.txt,UNOBSERVED,0,1162914325545000
43,run-4dfaa589bcb147a9a0bdcd5ba6ab682d,device_profile,r.OpenGL.TextureEvictionFrameCount,500,500,,/Users/flash/Library/Application Support/TFTMAC/Modes/advanced_diagnostics/Captures/2026-09-10T13-25-20.763Z-e5fb4388-d791-4e8b-b8e4-76bfb8bac07f/logcat.raw.txt,UNOBSERVED,0,1162914325563666
44,run-4dfaa589bcb147a9a0bdcd5ba6ab682d,device_profile,r.OpenGL.TextureEvictionMinLRUCapacity,200,200,,/Users/flash/Library/Application Support/TFTMAC/Modes/advanced_diagnostics/Captures/2026-09-10T13-25-20.763Z-e5fb4388-d791-4e8b-b8e4-76bfb8bac07f/logcat.raw.txt,UNOBSERVED,0,1162914325580291
45,run-4dfaa589bcb147a9a0bdcd5ba6ab682d,device_profile,r.OpenGL.TextureEvictsPerFrame,10,10,,/Users/flash/Library/Application Support/TFTMAC/Modes/advanced_diagnostics/Captures/2026-09-10T13-25-20.763Z-e5fb4388-d791-4e8b-b8e4-76bfb8bac07f/logcat.raw.txt,UNOBSERVED,0,1162914325596750
46,run-4dfaa589bcb147a9a0bdcd5ba6ab682d,device_profile,r.PSOPrecache.DrawnComponentBoostStrategy,1,1,,/Users/flash/Library/Application Support/TFTMAC/Modes/advanced_diagnostics/Captures/2026-09-10T13-25-20.763Z-e5fb4388-d791-4e8b-b8e4-76bfb8bac07f/logcat.raw.txt,UNOBSERVED,0,1162914325612375
47,run-4dfaa589bcb147a9a0bdcd5ba6ab682d,device_profile,r.PSOPrecache.PrecacheAlphaColorChannel,0,0,,/Users/flash/Library/Application Support/TFTMAC/Modes/advanced_diagnostics/Captures/2026-09-10T13-25-20.763Z-e5fb4388-d791-4e8b-b8e4-76bfb8bac07f/logcat.raw.txt,UNOBSERVED,0,1162914325630833
48,run-4dfaa589bcb147a9a0bdcd5ba6ab682d,device_profile,r.PSOPrecache.ProjectedShadows,0,0,,/Users/flash/Library/Application Support/TFTMAC/Modes/advanced_diagnostics/Captures/2026-09-10T13-25-20.763Z-e5fb4388-d791-4e8b-b8e4-76bfb8bac07f/logcat.raw.txt,UNOBSERVED,0,1162914325647916
49,run-4dfaa589bcb147a9a0bdcd5ba6ab682d,device_profile,r.PSOPrecache.ProxyCreationDelayStrategy,1,1,,/Users/flash/Library/Application Support/TFTMAC/Modes/advanced_diagnostics/Captures/2026-09-10T13-25-20.763Z-e5fb4388-d791-4e8b-b8e4-76bfb8bac07f/logcat.raw.txt,UNOBSERVED,0,1162914325664291
50,run-4dfaa589bcb147a9a0bdcd5ba6ab682d,device_profile,r.PSOPrecache.ProxyCreationWhenPSOReady,1,1,,/Users/flash/Library/Application Support/TFTMAC/Modes/advanced_diagnostics/Captures/2026-09-10T13-25-20.763Z-e5fb4388-d791-4e8b-b8e4-76bfb8bac07f/logcat.raw.txt,UNOBSERVED,0,1162914325705000
51,run-4dfaa589bcb147a9a0bdcd5ba6ab682d,device_profile,r.PSOPrecache.StaticMeshComponentPSOPrecachePriority,1,1,,/Users/flash/Library/Application Support/TFTMAC/Modes/advanced_diagnostics/Captures/2026-09-10T13-25-20.763Z-e5fb4388-d791-4e8b-b8e4-76bfb8bac07f/logcat.raw.txt,UNOBSERVED,0,1162914325722333
52,run-4dfaa589bcb147a9a0bdcd5ba6ab682d,device_profile,r.PSOPrecaching.PermitPriorityEscalation,0,0,,/Users/flash/Library/Application Support/TFTMAC/Modes/advanced_diagnostics/Captures/2026-09-10T13-25-20.763Z-e5fb4388-d791-4e8b-b8e4-76bfb8bac07f/logcat.raw.txt,UNOBSERVED,0,1162914325738125
53,run-4dfaa589bcb147a9a0bdcd5ba6ab682d,device_profile,r.PSOPrecaching.WaitForHighPriorityRequestsOnly,1,1,,/Users/flash/Library/Application Support/TFTMAC/Modes/advanced_diagnostics/Captures/2026-09-10T13-25-20.763Z-e5fb4388-d791-4e8b-b8e4-76bfb8bac07f/logcat.raw.txt,UNOBSERVED,0,1162914325753916
54,run-4dfaa589bcb147a9a0bdcd5ba6ab682d,device_profile,r.RenderTargetPoolMin,350,350,,/Users/flash/Library/Application Support/TFTMAC/Modes/advanced_diagnostics/Captures/2026-09-10T13-25-20.763Z-e5fb4388-d791-4e8b-b8e4-76bfb8bac07f/logcat.raw.txt,UNOBSERVED,0,1162914325771958
55,run-4dfaa589bcb147a9a0bdcd5ba6ab682d,device_profile,r.ShaderPipelineCache.BackgroundBatchSize,20,20,,/Users/flash/Library/Application Support/TFTMAC/Modes/advanced_diagnostics/Captures/2026-09-10T13-25-20.763Z-e5fb4388-d791-4e8b-b8e4-76bfb8bac07f/logcat.raw.txt,UNOBSERVED,0,1162914325787833
56,run-4dfaa589bcb147a9a0bdcd5ba6ab682d,device_profile,r.ShaderPipelineCache.BatchSize,20,20,,/Users/flash/Library/Application Support/TFTMAC/Modes/advanced_diagnostics/Captures/2026-09-10T13-25-20.763Z-e5fb4388-d791-4e8b-b8e4-76bfb8bac07f/logcat.raw.txt,UNOBSERVED,0,1162914325803583
57,run-4dfaa589bcb147a9a0bdcd5ba6ab682d,device_profile,r.ShaderPipelineCache.BatchTime,4,4,,/Users/flash/Library/Application Support/TFTMAC/Modes/advanced_diagnostics/Captures/2026-09-10T13-25-20.763Z-e5fb4388-d791-4e8b-b8e4-76bfb8bac07f/logcat.raw.txt,UNOBSERVED,0,1162914325819708
58,run-4dfaa589bcb147a9a0bdcd5ba6ab682d,device_profile,r.ShaderPipelineCache.LazyLoadShadersWhenPSOCacheIsPresent,1,1,,/Users/flash/Library/Application Support/TFTMAC/Modes/advanced_diagnostics/Captures/2026-09-10T13-25-20.763Z-e5fb4388-d791-4e8b-b8e4-76bfb8bac07f/logcat.raw.txt,UNOBSERVED,0,1162914325852416
59,run-4dfaa589bcb147a9a0bdcd5ba6ab682d,device_profile,r.SkyLight.RealTimeReflectionCapture.ResolutionOverride,32,32,,/Users/flash/Library/Application Support/TFTMAC/Modes/advanced_diagnostics/Captures/2026-09-10T13-25-20.763Z-e5fb4388-d791-4e8b-b8e4-76bfb8bac07f/logcat.raw.txt,UNOBSERVED,0,1162914325868458
60,run-4dfaa589bcb147a9a0bdcd5ba6ab682d,device_profile,r.SkyLight.RealTimeReflectionCapture.TimeSlice.SkyCloudCubeFacePerFrame,1,1,,/Users/flash/Library/Application Support/TFTMAC/Modes/advanced_diagnostics/Captures/2026-09-10T13-25-20.763Z-e5fb4388-d791-4e8b-b8e4-76bfb8bac07f/logcat.raw.txt,UNOBSERVED,0,1162914325885125
61,run-4dfaa589bcb147a9a0bdcd5ba6ab682d,device_profile,r.Streaming.AllowFastForceResident,1,1,,/Users/flash/Library/Application Support/TFTMAC/Modes/advanced_diagnostics/Captures/2026-09-10T13-25-20.763Z-e5fb4388-d791-4e8b-b8e4-76bfb8bac07f/logcat.raw.txt,UNOBSERVED,0,1162914325912333
62,run-4dfaa589bcb147a9a0bdcd5ba6ab682d,device_profile,r.Streaming.MaxTempMemoryAllowed,20,20,,/Users/flash/Library/Application Support/TFTMAC/Modes/advanced_diagnostics/Captures/2026-09-10T13-25-20.763Z-e5fb4388-d791-4e8b-b8e4-76bfb8bac07f/logcat.raw.txt,UNOBSERVED,0,1162914325928416
63,run-4dfaa589bcb147a9a0bdcd5ba6ab682d,device_profile,r.Streaming.PoolSize,1000,1000,,/Users/flash/Library/Application Support/TFTMAC/Modes/advanced_diagnostics/Captures/2026-09-10T13-25-20.763Z-e5fb4388-d791-4e8b-b8e4-76bfb8bac07f/logcat.raw.txt,UNOBSERVED,0,1162914325944333
64,run-4dfaa589bcb147a9a0bdcd5ba6ab682d,device_profile,r.Streaming.PoolSizeForMeshes,-1,-1,,/Users/flash/Library/Application Support/TFTMAC/Modes/advanced_diagnostics/Captures/2026-09-10T13-25-20.763Z-e5fb4388-d791-4e8b-b8e4-76bfb8bac07f/logcat.raw.txt,UNOBSERVED,0,1162914325967250
65,run-4dfaa589bcb147a9a0bdcd5ba6ab682d,device_profile,r.Streaming.UseFixedPoolSize,0,0,,/Users/flash/Library/Application Support/TFTMAC/Modes/advanced_diagnostics/Captures/2026-09-10T13-25-20.763Z-e5fb4388-d791-4e8b-b8e4-76bfb8bac07f/logcat.raw.txt,UNOBSERVED,0,1162914325985375
66,run-4dfaa589bcb147a9a0bdcd5ba6ab682d,device_profile,r.VSync,1,1,,/Users/flash/Library/Application Support/TFTMAC/Modes/advanced_diagnostics/Captures/2026-09-10T13-25-20.763Z-e5fb4388-d791-4e8b-b8e4-76bfb8bac07f/logcat.raw.txt,UNOBSERVED,0,1162914326002333
67,run-4dfaa589bcb147a9a0bdcd5ba6ab682d,device_profile,r.Vulkan.AllowPSOPrecaching,1,1,,/Users/flash/Library/Application Support/TFTMAC/Modes/advanced_diagnostics/Captures/2026-09-10T13-25-20.763Z-e5fb4388-d791-4e8b-b8e4-76bfb8bac07f/logcat.raw.txt,UNOBSERVED,0,1162914326020000
68,run-4dfaa589bcb147a9a0bdcd5ba6ab682d,device_profile,r.Vulkan.CompressSPIRV,1,1,,/Users/flash/Library/Application Support/TFTMAC/Modes/advanced_diagnostics/Captures/2026-09-10T13-25-20.763Z-e5fb4388-d791-4e8b-b8e4-76bfb8bac07f/logcat.raw.txt,UNOBSERVED,0,1162914326037208
69,run-4dfaa589bcb147a9a0bdcd5ba6ab682d,device_profile,r.Vulkan.EnablePipelineLRUCache,1,1,,/Users/flash/Library/Application Support/TFTMAC/Modes/advanced_diagnostics/Captures/2026-09-10T13-25-20.763Z-e5fb4388-d791-4e8b-b8e4-76bfb8bac07f/logcat.raw.txt,UNOBSERVED,0,1162914326053333
70,run-4dfaa589bcb147a9a0bdcd5ba6ab682d,device_profile,r.Vulkan.PSOLRUEvictAfterUnusedFrames,1000,1000,,/Users/flash/Library/Application Support/TFTMAC/Modes/advanced_diagnostics/Captures/2026-09-10T13-25-20.763Z-e5fb4388-d791-4e8b-b8e4-76bfb8bac07f/logcat.raw.txt,UNOBSERVED,0,1162914326069333
71,run-4dfaa589bcb147a9a0bdcd5ba6ab682d,device_profile,r.Vulkan.PipelineCacheFromShaderPipelineCache,1,1,,/Users/flash/Library/Application Support/TFTMAC/Modes/advanced_diagnostics/Captures/2026-09-10T13-25-20.763Z-e5fb4388-d791-4e8b-b8e4-76bfb8bac07f/logcat.raw.txt,UNOBSERVED,0,1162914326085375
72,run-4dfaa589bcb147a9a0bdcd5ba6ab682d,device_profile,r.Vulkan.PipelineLRUCacheEvictBinary,1,1,,/Users/flash/Library/Application Support/TFTMAC/Modes/advanced_diagnostics/Captures/2026-09-10T13-25-20.763Z-e5fb4388-d791-4e8b-b8e4-76bfb8bac07f/logcat.raw.txt,UNOBSERVED,0,1162914326107583
73,run-4dfaa589bcb147a9a0bdcd5ba6ab682d,device_profile,r.Vulkan.ReleaseShaderModuleWhenEvictingPSO,1,1,,/Users/flash/Library/Application Support/TFTMAC/Modes/advanced_diagnostics/Captures/2026-09-10T13-25-20.763Z-e5fb4388-d791-4e8b-b8e4-76bfb8bac07f/logcat.raw.txt,UNOBSERVED,0,1162914326124375
74,run-4dfaa589bcb147a9a0bdcd5ba6ab682d,device_profile,r.Vulkan.UseChunkedPSOCache,0,0,,/Users/flash/Library/Application Support/TFTMAC/Modes/advanced_diagnostics/Captures/2026-09-10T13-25-20.763Z-e5fb4388-d791-4e8b-b8e4-76bfb8bac07f/logcat.raw.txt,UNOBSERVED,0,1162914326140208
75,run-4dfaa589bcb147a9a0bdcd5ba6ab682d,device_profile,r.pso.CreateOnRHIThread,1,1,,/Users/flash/Library/Application Support/TFTMAC/Modes/advanced_diagnostics/Captures/2026-09-10T13-25-20.763Z-e5fb4388-d791-4e8b-b8e4-76bfb8bac07f/logcat.raw.txt,UNOBSERVED,0,1162914326155541
76,run-4dfaa589bcb147a9a0bdcd5ba6ab682d,device_profile,r.pso.PrecompileThreadPoolPercentOfHardwareThreads,0,0,,/Users/flash/Library/Application Support/TFTMAC/Modes/advanced_diagnostics/Captures/2026-09-10T13-25-20.763Z-e5fb4388-d791-4e8b-b8e4-76bfb8bac07f/logcat.raw.txt,UNOBSERVED,0,1162914326171333
77,run-4dfaa589bcb147a9a0bdcd5ba6ab682d,device_profile,r.pso.PrecompileThreadPoolSize,4,4,,/Users/flash/Library/Application Support/TFTMAC/Modes/advanced_diagnostics/Captures/2026-09-10T13-25-20.763Z-e5fb4388-d791-4e8b-b8e4-76bfb8bac07f/logcat.raw.txt,UNOBSERVED,0,1162914326187375
78,run-4dfaa589bcb147a9a0bdcd5ba6ab682d,device_profile,sg.AntiAliasingQuality,1,1,,/Users/flash/Library/Application Support/TFTMAC/Modes/advanced_diagnostics/Captures/2026-09-10T13-25-20.763Z-e5fb4388-d791-4e8b-b8e4-76bfb8bac07f/logcat.raw.txt,UNOBSERVED,0,1162914326209250
79,run-4dfaa589bcb147a9a0bdcd5ba6ab682d,device_profile,sg.EffectsQuality,1,1,,/Users/flash/Library/Application Support/TFTMAC/Modes/advanced_diagnostics/Captures/2026-09-10T13-25-20.763Z-e5fb4388-d791-4e8b-b8e4-76bfb8bac07f/logcat.raw.txt,UNOBSERVED,0,1162914326224875
80,run-4dfaa589bcb147a9a0bdcd5ba6ab682d,device_profile,sg.PostProcessQuality,1,1,,/Users/flash/Library/Application Support/TFTMAC/Modes/advanced_diagnostics/Captures/2026-09-10T13-25-20.763Z-e5fb4388-d791-4e8b-b8e4-76bfb8bac07f/logcat.raw.txt,UNOBSERVED,0,1162914326240125
81,run-4dfaa589bcb147a9a0bdcd5ba6ab682d,device_profile,sg.ReflectionQuality,1,1,,/Users/flash/Library/Application Support/TFTMAC/Modes/advanced_diagnostics/Captures/2026-09-10T13-25-20.763Z-e5fb4388-d791-4e8b-b8e4-76bfb8bac07f/logcat.raw.txt,UNOBSERVED,0,1162914326256416
82,run-4dfaa589bcb147a9a0bdcd5ba6ab682d,device_profile,sg.ResolutionQuality,100,100,,/Users/flash/Library/Application Support/TFTMAC/Modes/advanced_diagnostics/Captures/2026-09-10T13-25-20.763Z-e5fb4388-d791-4e8b-b8e4-76bfb8bac07f/logcat.raw.txt,UNOBSERVED,0,1162914326272041
83,run-4dfaa589bcb147a9a0bdcd5ba6ab682d,device_profile,sg.ShadowQuality,1,1,,/Users/flash/Library/Application Support/TFTMAC/Modes/advanced_diagnostics/Captures/2026-09-10T13-25-20.763Z-e5fb4388-d791-4e8b-b8e4-76bfb8bac07f/logcat.raw.txt,UNOBSERVED,0,1162914326287458
84,run-4dfaa589bcb147a9a0bdcd5ba6ab682d,device_profile,sg.TextureQuality,1,1,,/Users/flash/Library/Application Support/TFTMAC/Modes/advanced_diagnostics/Captures/2026-09-10T13-25-20.763Z-e5fb4388-d791-4e8b-b8e4-76bfb8bac07f/logcat.raw.txt,UNOBSERVED,0,1162914326303250
85,run-4dfaa589bcb147a9a0bdcd5ba6ab682d,device_profile,sg.ViewDistanceQuality,1,1,,/Users/flash/Library/Application Support/TFTMAC/Modes/advanced_diagnostics/Captures/2026-09-10T13-25-20.763Z-e5fb4388-d791-4e8b-b8e4-76bfb8bac07f/logcat.raw.txt,UNOBSERVED,0,1162914326324833
90,run-4dfaa589bcb147a9a0bdcd5ba6ab682d,device_profile,t.MaxFPS,60,60,,/Users/flash/Library/Application Support/TFTMAC/Modes/advanced_diagnostics/Captures/2026-09-10T13-25-20.763Z-e5fb4388-d791-4e8b-b8e4-76bfb8bac07f/logcat.raw.txt,UNOBSERVED,0,1162914326409750
86,run-4dfaa589bcb147a9a0bdcd5ba6ab682d,device_profile,tft.Audio.DeviceTier,High,High,,/Users/flash/Library/Application Support/TFTMAC/Modes/advanced_diagnostics/Captures/2026-09-10T13-25-20.763Z-e5fb4388-d791-4e8b-b8e4-76bfb8bac07f/logcat.raw.txt,UNOBSERVED,0,1162914326340166
87,run-4dfaa589bcb147a9a0bdcd5ba6ab682d,device_profile,tft.Audio.PlayOnlyOneArenaAtATime,false,false,,/Users/flash/Library/Application Support/TFTMAC/Modes/advanced_diagnostics/Captures/2026-09-10T13-25-20.763Z-e5fb4388-d791-4e8b-b8e4-76bfb8bac07f/logcat.raw.txt,UNOBSERVED,0,1162914326362416
88,run-4dfaa589bcb147a9a0bdcd5ba6ab682d,device_profile,tft.Audio.RestrictNumberOfAmbientSounds,false,false,,/Users/flash/Library/Application Support/TFTMAC/Modes/advanced_diagnostics/Captures/2026-09-10T13-25-20.763Z-e5fb4388-d791-4e8b-b8e4-76bfb8bac07f/logcat.raw.txt,UNOBSERVED,0,1162914326378000
89,run-4dfaa589bcb147a9a0bdcd5ba6ab682d,device_profile,tft.DefaultFrameRateLimit,60,60,,/Users/flash/Library/Application Support/TFTMAC/Modes/advanced_diagnostics/Captures/2026-09-10T13-25-20.763Z-e5fb4388-d791-4e8b-b8e4-76bfb8bac07f/logcat.raw.txt,UNOBSERVED,0,1162914326393541
13,run-4dfaa589bcb147a9a0bdcd5ba6ab682d,guest_property,debug.angle.feature_overrides_disabled,preferSubmitAtFBOBoundary,preferSubmitAtFBOBoundary,preferSubmitAtFBOBoundary,adb getprop,VERIFIED,0,1162914323125375
12,run-4dfaa589bcb147a9a0bdcd5ba6ab682d,guest_property,debug.angle.feature_overrides_enabled,exposeNonConformant*:exposeES32ForTesting:syncMonolithicPipelinesToBlobCache,exposeNonConformant*:exposeES32ForTesting:syncMonolithicPipelinesToBlobCache,exposeNonConformantExtensionsAndVersions:exposeES32ForTesting,adb getprop,MISMATCH,0,1162914294269791
11,run-4dfaa589bcb147a9a0bdcd5ba6ab682d,guest_property,debug.egl.blobcache.multifile,true,true,,adb getprop,MISMATCH,0,1162914264639458
5,run-4dfaa589bcb147a9a0bdcd5ba6ab682d,runtime,display.dpi,320,320,320,direct runtime identity,VERIFIED,0,1162914234858083
4,run-4dfaa589bcb147a9a0bdcd5ba6ab682d,runtime,display.height,1080,1080,1080,direct runtime identity,VERIFIED,0,1162914234828041
3,run-4dfaa589bcb147a9a0bdcd5ba6ab682d,runtime,display.width,1920,1920,1920,direct runtime identity,VERIFIED,0,1162914234804916
9,run-4dfaa589bcb147a9a0bdcd5ba6ab682d,runtime,gpu_mode,host,host,host,direct runtime identity,VERIFIED,0,1162914234932000
1,run-4dfaa589bcb147a9a0bdcd5ba6ab682d,runtime,package,com.riotgames.league.teamfighttactics,com.riotgames.league.teamfighttactics,com.riotgames.league.teamfighttactics,direct runtime identity,VERIFIED,0,1162914234249416
2,run-4dfaa589bcb147a9a0bdcd5ba6ab682d,runtime,package_version,18.1-5423749,18.1-5423749,18.1-5423749,direct runtime identity,VERIFIED,0,1162914234777083
8,run-4dfaa589bcb147a9a0bdcd5ba6ab682d,runtime,ram_mib,6144,6144,6144,direct runtime identity,VERIFIED,0,1162914234911541
6,run-4dfaa589bcb147a9a0bdcd5ba6ab682d,runtime,refresh_hz,60,60,60,direct runtime identity,VERIFIED,0,1162914234876250
10,run-4dfaa589bcb147a9a0bdcd5ba6ab682d,runtime,selected_game_rhi,OPENGL_ES_ANGLE,OPENGL_ES_ANGLE,UNKNOWN,direct runtime identity,MISMATCH,0,1162914234948708
7,run-4dfaa589bcb147a9a0bdcd5ba6ab682d,runtime,vcpu,8,8,8,direct runtime identity,VERIFIED,0,1162914234894000
105,run-d9ea3854337e4f178372317788f10cce,device_profile,Android.OpenGL.NumRemoteProgramCompileServices,4,4,,/Users/flash/Library/Application Support/TFTMAC/Modes/advanced_diagnostics/Captures/2026-09-10T13-36-25.410Z-0057cbdc-b0e1-4ee7-ac13-4faf8b89c66b/logcat.raw.txt,UNOBSERVED,0,1163579508617208
106,run-d9ea3854337e4f178372317788f10cce,device_profile,Android.Vulkan.NumRemoteProgramCompileServices,0,0,,/Users/flash/Library/Application Support/TFTMAC/Modes/advanced_diagnostics/Captures/2026-09-10T13-36-25.410Z-0057cbdc-b0e1-4ee7-ac13-4faf8b89c66b/logcat.raw.txt,UNOBSERVED,0,1163579508697083
182,run-d9ea3854337e4f178372317788f10cce,device_profile,a.Budget.BudgetMs,6.0,6.0,,/Users/flash/Library/Application Support/TFTMAC/Modes/advanced_diagnostics/Captures/2026-09-10T13-36-25.410Z-0057cbdc-b0e1-4ee7-ac13-4faf8b89c66b/logcat.raw.txt,UNOBSERVED,0,1163579510173625
107,run-d9ea3854337e4f178372317788f10cce,device_profile,a.StripFramesOnCompression,1,1,,/Users/flash/Library/Application Support/TFTMAC/Modes/advanced_diagnostics/Captures/2026-09-10T13-36-25.410Z-0057cbdc-b0e1-4ee7-ac13-4faf8b89c66b/logcat.raw.txt,UNOBSERVED,0,1163579508721416
108,run-d9ea3854337e4f178372317788f10cce,device_profile,a.StripOddFramesWhenFrameStripping,1,1,,/Users/flash/Library/Application Support/TFTMAC/Modes/advanced_diagnostics/Captures/2026-09-10T13-36-25.410Z-0057cbdc-b0e1-4ee7-ac13-4faf8b89c66b/logcat.raw.txt,UNOBSERVED,0,1163579508751000
109,run-d9ea3854337e4f178372317788f10cce,device_profile,a.UseFrameTimeStampsForPacing,1,1,,/Users/flash/Library/Application Support/TFTMAC/Modes/advanced_diagnostics/Captures/2026-09-10T13-36-25.410Z-0057cbdc-b0e1-4ee7-ac13-4faf8b89c66b/logcat.raw.txt,UNOBSERVED,0,1163579508769208
110,run-d9ea3854337e4f178372317788f10cce,device_profile,android.PSOService.MaxPriPSOPrecacheAffinity,0,0,,/Users/flash/Library/Application Support/TFTMAC/Modes/advanced_diagnostics/Captures/2026-09-10T13-36-25.410Z-0057cbdc-b0e1-4ee7-ac13-4faf8b89c66b/logcat.raw.txt,UNOBSERVED,0,1163579508794541
111,run-d9ea3854337e4f178372317788f10cce,device_profile,android.PSOService.MinPriPSOPrecacheAffinity,7,7,,/Users/flash/Library/Application Support/TFTMAC/Modes/advanced_diagnostics/Captures/2026-09-10T13-36-25.410Z-0057cbdc-b0e1-4ee7-ac13-4faf8b89c66b/logcat.raw.txt,UNOBSERVED,0,1163579508823166
112,run-d9ea3854337e4f178372317788f10cce,device_profile,android.PSOService.NormalPriPSOPrecacheAffinity,31,31,,/Users/flash/Library/Application Support/TFTMAC/Modes/advanced_diagnostics/Captures/2026-09-10T13-36-25.410Z-0057cbdc-b0e1-4ee7-ac13-4faf8b89c66b/logcat.raw.txt,UNOBSERVED,0,1163579508842833
113,run-d9ea3854337e4f178372317788f10cce,device_profile,fx.Niagara.PSOPrecache.ReverseCulling,0,0,,/Users/flash/Library/Application Support/TFTMAC/Modes/advanced_diagnostics/Captures/2026-09-10T13-36-25.410Z-0057cbdc-b0e1-4ee7-ac13-4faf8b89c66b/logcat.raw.txt,UNOBSERVED,0,1163579508872375
114,run-d9ea3854337e4f178372317788f10cce,device_profile,grass.Enable,0,0,,/Users/flash/Library/Application Support/TFTMAC/Modes/advanced_diagnostics/Captures/2026-09-10T13-36-25.410Z-0057cbdc-b0e1-4ee7-ac13-4faf8b89c66b/logcat.raw.txt,UNOBSERVED,0,1163579508889250
115,run-d9ea3854337e4f178372317788f10cce,device_profile,p.ClothPhysics,0,0,,/Users/flash/Library/Application Support/TFTMAC/Modes/advanced_diagnostics/Captures/2026-09-10T13-36-25.410Z-0057cbdc-b0e1-4ee7-ac13-4faf8b89c66b/logcat.raw.txt,UNOBSERVED,0,1163579508923833
116,run-d9ea3854337e4f178372317788f10cce,device_profile,p.RigidBodyNode,0,0,,/Users/flash/Library/Application Support/TFTMAC/Modes/advanced_diagnostics/Captures/2026-09-10T13-36-25.410Z-0057cbdc-b0e1-4ee7-ac13-4faf8b89c66b/logcat.raw.txt,UNOBSERVED,0,1163579508940083
117,run-d9ea3854337e4f178372317788f10cce,device_profile,r.Android.DisableVulkanSupport,1,1,,/Users/flash/Library/Application Support/TFTMAC/Modes/advanced_diagnostics/Captures/2026-09-10T13-36-25.410Z-0057cbdc-b0e1-4ee7-ac13-4faf8b89c66b/logcat.raw.txt,UNOBSERVED,0,1163579508956041
118,run-d9ea3854337e4f178372317788f10cce,device_profile,r.Android.EnableAdrenoTilingHint,2,2,,/Users/flash/Library/Application Support/TFTMAC/Modes/advanced_diagnostics/Captures/2026-09-10T13-36-25.410Z-0057cbdc-b0e1-4ee7-ac13-4faf8b89c66b/logcat.raw.txt,UNOBSERVED,0,1163579508974583
119,run-d9ea3854337e4f178372317788f10cce,device_profile,r.DefaultBackBufferPixelFormat,0,0,,/Users/flash/Library/Application Support/TFTMAC/Modes/advanced_diagnostics/Captures/2026-09-10T13-36-25.410Z-0057cbdc-b0e1-4ee7-ac13-4faf8b89c66b/logcat.raw.txt,UNOBSERVED,0,1163579508990458
120,run-d9ea3854337e4f178372317788f10cce,device_profile,r.DiscardUnusedQuality,1,1,,/Users/flash/Library/Application Support/TFTMAC/Modes/advanced_diagnostics/Captures/2026-09-10T13-36-25.410Z-0057cbdc-b0e1-4ee7-ac13-4faf8b89c66b/logcat.raw.txt,UNOBSERVED,0,1163579509006166
121,run-d9ea3854337e4f178372317788f10cce,device_profile,r.ForceSceneHasDecals,1,1,,/Users/flash/Library/Application Support/TFTMAC/Modes/advanced_diagnostics/Captures/2026-09-10T13-36-25.410Z-0057cbdc-b0e1-4ee7-ac13-4faf8b89c66b/logcat.raw.txt,UNOBSERVED,0,1163579509021916
122,run-d9ea3854337e4f178372317788f10cce,device_profile,r.FreeSkeletalMeshBuffers,1,1,,/Users/flash/Library/Application Support/TFTMAC/Modes/advanced_diagnostics/Captures/2026-09-10T13-36-25.410Z-0057cbdc-b0e1-4ee7-ac13-4faf8b89c66b/logcat.raw.txt,UNOBSERVED,0,1163579509051083
123,run-d9ea3854337e4f178372317788f10cce,device_profile,r.HZB.BuildUseCompute,0,0,,/Users/flash/Library/Application Support/TFTMAC/Modes/advanced_diagnostics/Captures/2026-09-10T13-36-25.410Z-0057cbdc-b0e1-4ee7-ac13-4faf8b89c66b/logcat.raw.txt,UNOBSERVED,0,1163579509067000
124,run-d9ea3854337e4f178372317788f10cce,device_profile,r.MSAACount,4,4,,/Users/flash/Library/Application Support/TFTMAC/Modes/advanced_diagnostics/Captures/2026-09-10T13-36-25.410Z-0057cbdc-b0e1-4ee7-ac13-4faf8b89c66b/logcat.raw.txt,UNOBSERVED,0,1163579509082875
125,run-d9ea3854337e4f178372317788f10cce,device_profile,r.MaterialQualityLevel,0,0,,/Users/flash/Library/Application Support/TFTMAC/Modes/advanced_diagnostics/Captures/2026-09-10T13-36-25.410Z-0057cbdc-b0e1-4ee7-ac13-4faf8b89c66b/logcat.raw.txt,UNOBSERVED,0,1163579509101041
126,run-d9ea3854337e4f178372317788f10cce,device_profile,r.MeshDrawCommands.AllowOnDemandShaderCreation,1,1,,/Users/flash/Library/Application Support/TFTMAC/Modes/advanced_diagnostics/Captures/2026-09-10T13-36-25.410Z-0057cbdc-b0e1-4ee7-ac13-4faf8b89c66b/logcat.raw.txt,UNOBSERVED,0,1163579509117000
127,run-d9ea3854337e4f178372317788f10cce,device_profile,r.Mobile.CustomDepthForTranslucency,1,1,,/Users/flash/Library/Application Support/TFTMAC/Modes/advanced_diagnostics/Captures/2026-09-10T13-36-25.410Z-0057cbdc-b0e1-4ee7-ac13-4faf8b89c66b/logcat.raw.txt,UNOBSERVED,0,1163579509139583
128,run-d9ea3854337e4f178372317788f10cce,device_profile,r.MobileContentScaleFactor,0.0,0.0,,/Users/flash/Library/Application Support/TFTMAC/Modes/advanced_diagnostics/Captures/2026-09-10T13-36-25.410Z-0057cbdc-b0e1-4ee7-ac13-4faf8b89c66b/logcat.raw.txt,UNOBSERVED,0,1163579509157916
129,run-d9ea3854337e4f178372317788f10cce,device_profile,r.OpenGL.DeferTextureCreation,0,0,,/Users/flash/Library/Application Support/TFTMAC/Modes/advanced_diagnostics/Captures/2026-09-10T13-36-25.410Z-0057cbdc-b0e1-4ee7-ac13-4faf8b89c66b/logcat.raw.txt,UNOBSERVED,0,1163579509173875
130,run-d9ea3854337e4f178372317788f10cce,device_profile,r.OpenGL.DeferTextureCreationKeepLowerMipCount,16,16,,/Users/flash/Library/Application Support/TFTMAC/Modes/advanced_diagnostics/Captures/2026-09-10T13-36-25.410Z-0057cbdc-b0e1-4ee7-ac13-4faf8b89c66b/logcat.raw.txt,UNOBSERVED,0,1163579509189458
131,run-d9ea3854337e4f178372317788f10cce,device_profile,r.OpenGL.EnableProgramLRUCache,1,1,,/Users/flash/Library/Application Support/TFTMAC/Modes/advanced_diagnostics/Captures/2026-09-10T13-36-25.410Z-0057cbdc-b0e1-4ee7-ac13-4faf8b89c66b/logcat.raw.txt,UNOBSERVED,0,1163579509205125
132,run-d9ea3854337e4f178372317788f10cce,device_profile,r.OpenGL.ProgramLRUEvictTimeSeconds,0,0,,/Users/flash/Library/Application Support/TFTMAC/Modes/advanced_diagnostics/Captures/2026-09-10T13-36-25.410Z-0057cbdc-b0e1-4ee7-ac13-4faf8b89c66b/logcat.raw.txt,UNOBSERVED,0,1163579509222791
133,run-d9ea3854337e4f178372317788f10cce,device_profile,r.OpenGL.ProgramLRUKeepBinaryResident,1,1,,/Users/flash/Library/Application Support/TFTMAC/Modes/advanced_diagnostics/Captures/2026-09-10T13-36-25.410Z-0057cbdc-b0e1-4ee7-ac13-4faf8b89c66b/logcat.raw.txt,UNOBSERVED,0,1163579509238291
134,run-d9ea3854337e4f178372317788f10cce,device_profile,r.OpenGL.TextureEvictionFrameCount,500,500,,/Users/flash/Library/Application Support/TFTMAC/Modes/advanced_diagnostics/Captures/2026-09-10T13-36-25.410Z-0057cbdc-b0e1-4ee7-ac13-4faf8b89c66b/logcat.raw.txt,UNOBSERVED,0,1163579509262708
135,run-d9ea3854337e4f178372317788f10cce,device_profile,r.OpenGL.TextureEvictionMinLRUCapacity,200,200,,/Users/flash/Library/Application Support/TFTMAC/Modes/advanced_diagnostics/Captures/2026-09-10T13-36-25.410Z-0057cbdc-b0e1-4ee7-ac13-4faf8b89c66b/logcat.raw.txt,UNOBSERVED,0,1163579509279875
136,run-d9ea3854337e4f178372317788f10cce,device_profile,r.OpenGL.TextureEvictsPerFrame,10,10,,/Users/flash/Library/Application Support/TFTMAC/Modes/advanced_diagnostics/Captures/2026-09-10T13-36-25.410Z-0057cbdc-b0e1-4ee7-ac13-4faf8b89c66b/logcat.raw.txt,UNOBSERVED,0,1163579509297750
137,run-d9ea3854337e4f178372317788f10cce,device_profile,r.PSOPrecache.DrawnComponentBoostStrategy,1,1,,/Users/flash/Library/Application Support/TFTMAC/Modes/advanced_diagnostics/Captures/2026-09-10T13-36-25.410Z-0057cbdc-b0e1-4ee7-ac13-4faf8b89c66b/logcat.raw.txt,UNOBSERVED,0,1163579509313500
138,run-d9ea3854337e4f178372317788f10cce,device_profile,r.PSOPrecache.PrecacheAlphaColorChannel,0,0,,/Users/flash/Library/Application Support/TFTMAC/Modes/advanced_diagnostics/Captures/2026-09-10T13-36-25.410Z-0057cbdc-b0e1-4ee7-ac13-4faf8b89c66b/logcat.raw.txt,UNOBSERVED,0,1163579509329500
139,run-d9ea3854337e4f178372317788f10cce,device_profile,r.PSOPrecache.ProjectedShadows,0,0,,/Users/flash/Library/Application Support/TFTMAC/Modes/advanced_diagnostics/Captures/2026-09-10T13-36-25.410Z-0057cbdc-b0e1-4ee7-ac13-4faf8b89c66b/logcat.raw.txt,UNOBSERVED,0,1163579509358041
140,run-d9ea3854337e4f178372317788f10cce,device_profile,r.PSOPrecache.ProxyCreationDelayStrategy,1,1,,/Users/flash/Library/Application Support/TFTMAC/Modes/advanced_diagnostics/Captures/2026-09-10T13-36-25.410Z-0057cbdc-b0e1-4ee7-ac13-4faf8b89c66b/logcat.raw.txt,UNOBSERVED,0,1163579509374875
141,run-d9ea3854337e4f178372317788f10cce,device_profile,r.PSOPrecache.ProxyCreationWhenPSOReady,1,1,,/Users/flash/Library/Application Support/TFTMAC/Modes/advanced_diagnostics/Captures/2026-09-10T13-36-25.410Z-0057cbdc-b0e1-4ee7-ac13-4faf8b89c66b/logcat.raw.txt,UNOBSERVED,0,1163579509398958
142,run-d9ea3854337e4f178372317788f10cce,device_profile,r.PSOPrecache.StaticMeshComponentPSOPrecachePriority,1,1,,/Users/flash/Library/Application Support/TFTMAC/Modes/advanced_diagnostics/Captures/2026-09-10T13-36-25.410Z-0057cbdc-b0e1-4ee7-ac13-4faf8b89c66b/logcat.raw.txt,UNOBSERVED,0,1163579509417958
143,run-d9ea3854337e4f178372317788f10cce,device_profile,r.PSOPrecaching.PermitPriorityEscalation,0,0,,/Users/flash/Library/Application Support/TFTMAC/Modes/advanced_diagnostics/Captures/2026-09-10T13-36-25.410Z-0057cbdc-b0e1-4ee7-ac13-4faf8b89c66b/logcat.raw.txt,UNOBSERVED,0,1163579509465208
144,run-d9ea3854337e4f178372317788f10cce,device_profile,r.PSOPrecaching.WaitForHighPriorityRequestsOnly,1,1,,/Users/flash/Library/Application Support/TFTMAC/Modes/advanced_diagnostics/Captures/2026-09-10T13-36-25.410Z-0057cbdc-b0e1-4ee7-ac13-4faf8b89c66b/logcat.raw.txt,UNOBSERVED,0,1163579509488875
145,run-d9ea3854337e4f178372317788f10cce,device_profile,r.RenderTargetPoolMin,350,350,,/Users/flash/Library/Application Support/TFTMAC/Modes/advanced_diagnostics/Captures/2026-09-10T13-36-25.410Z-0057cbdc-b0e1-4ee7-ac13-4faf8b89c66b/logcat.raw.txt,UNOBSERVED,0,1163579509506500
146,run-d9ea3854337e4f178372317788f10cce,device_profile,r.ShaderPipelineCache.BackgroundBatchSize,20,20,,/Users/flash/Library/Application Support/TFTMAC/Modes/advanced_diagnostics/Captures/2026-09-10T13-36-25.410Z-0057cbdc-b0e1-4ee7-ac13-4faf8b89c66b/logcat.raw.txt,UNOBSERVED,0,1163579509522041
147,run-d9ea3854337e4f178372317788f10cce,device_profile,r.ShaderPipelineCache.BatchSize,20,20,,/Users/flash/Library/Application Support/TFTMAC/Modes/advanced_diagnostics/Captures/2026-09-10T13-36-25.410Z-0057cbdc-b0e1-4ee7-ac13-4faf8b89c66b/logcat.raw.txt,UNOBSERVED,0,1163579509537458
148,run-d9ea3854337e4f178372317788f10cce,device_profile,r.ShaderPipelineCache.BatchTime,4,4,,/Users/flash/Library/Application Support/TFTMAC/Modes/advanced_diagnostics/Captures/2026-09-10T13-36-25.410Z-0057cbdc-b0e1-4ee7-ac13-4faf8b89c66b/logcat.raw.txt,UNOBSERVED,0,1163579509552750
149,run-d9ea3854337e4f178372317788f10cce,device_profile,r.ShaderPipelineCache.LazyLoadShadersWhenPSOCacheIsPresent,1,1,,/Users/flash/Library/Application Support/TFTMAC/Modes/advanced_diagnostics/Captures/2026-09-10T13-36-25.410Z-0057cbdc-b0e1-4ee7-ac13-4faf8b89c66b/logcat.raw.txt,UNOBSERVED,0,1163579509567875
150,run-d9ea3854337e4f178372317788f10cce,device_profile,r.SkyLight.RealTimeReflectionCapture.ResolutionOverride,32,32,,/Users/flash/Library/Application Support/TFTMAC/Modes/advanced_diagnostics/Captures/2026-09-10T13-36-25.410Z-0057cbdc-b0e1-4ee7-ac13-4faf8b89c66b/logcat.raw.txt,UNOBSERVED,0,1163579509583125
151,run-d9ea3854337e4f178372317788f10cce,device_profile,r.SkyLight.RealTimeReflectionCapture.TimeSlice.SkyCloudCubeFacePerFrame,1,1,,/Users/flash/Library/Application Support/TFTMAC/Modes/advanced_diagnostics/Captures/2026-09-10T13-36-25.410Z-0057cbdc-b0e1-4ee7-ac13-4faf8b89c66b/logcat.raw.txt,UNOBSERVED,0,1163579509598458
152,run-d9ea3854337e4f178372317788f10cce,device_profile,r.Streaming.AllowFastForceResident,1,1,,/Users/flash/Library/Application Support/TFTMAC/Modes/advanced_diagnostics/Captures/2026-09-10T13-36-25.410Z-0057cbdc-b0e1-4ee7-ac13-4faf8b89c66b/logcat.raw.txt,UNOBSERVED,0,1163579509613916
153,run-d9ea3854337e4f178372317788f10cce,device_profile,r.Streaming.MaxTempMemoryAllowed,20,20,,/Users/flash/Library/Application Support/TFTMAC/Modes/advanced_diagnostics/Captures/2026-09-10T13-36-25.410Z-0057cbdc-b0e1-4ee7-ac13-4faf8b89c66b/logcat.raw.txt,UNOBSERVED,0,1163579509629000
154,run-d9ea3854337e4f178372317788f10cce,device_profile,r.Streaming.PoolSize,1000,1000,,/Users/flash/Library/Application Support/TFTMAC/Modes/advanced_diagnostics/Captures/2026-09-10T13-36-25.410Z-0057cbdc-b0e1-4ee7-ac13-4faf8b89c66b/logcat.raw.txt,UNOBSERVED,0,1163579509649791
155,run-d9ea3854337e4f178372317788f10cce,device_profile,r.Streaming.PoolSizeForMeshes,-1,-1,,/Users/flash/Library/Application Support/TFTMAC/Modes/advanced_diagnostics/Captures/2026-09-10T13-36-25.410Z-0057cbdc-b0e1-4ee7-ac13-4faf8b89c66b/logcat.raw.txt,UNOBSERVED,0,1163579509664916
156,run-d9ea3854337e4f178372317788f10cce,device_profile,r.Streaming.UseFixedPoolSize,0,0,,/Users/flash/Library/Application Support/TFTMAC/Modes/advanced_diagnostics/Captures/2026-09-10T13-36-25.410Z-0057cbdc-b0e1-4ee7-ac13-4faf8b89c66b/logcat.raw.txt,UNOBSERVED,0,1163579509689375
157,run-d9ea3854337e4f178372317788f10cce,device_profile,r.VSync,1,1,,/Users/flash/Library/Application Support/TFTMAC/Modes/advanced_diagnostics/Captures/2026-09-10T13-36-25.410Z-0057cbdc-b0e1-4ee7-ac13-4faf8b89c66b/logcat.raw.txt,UNOBSERVED,0,1163579509707375
158,run-d9ea3854337e4f178372317788f10cce,device_profile,r.Vulkan.AllowPSOPrecaching,1,1,,/Users/flash/Library/Application Support/TFTMAC/Modes/advanced_diagnostics/Captures/2026-09-10T13-36-25.410Z-0057cbdc-b0e1-4ee7-ac13-4faf8b89c66b/logcat.raw.txt,UNOBSERVED,0,1163579509722958
159,run-d9ea3854337e4f178372317788f10cce,device_profile,r.Vulkan.CompressSPIRV,1,1,,/Users/flash/Library/Application Support/TFTMAC/Modes/advanced_diagnostics/Captures/2026-09-10T13-36-25.410Z-0057cbdc-b0e1-4ee7-ac13-4faf8b89c66b/logcat.raw.txt,UNOBSERVED,0,1163579509738125
160,run-d9ea3854337e4f178372317788f10cce,device_profile,r.Vulkan.EnablePipelineLRUCache,1,1,,/Users/flash/Library/Application Support/TFTMAC/Modes/advanced_diagnostics/Captures/2026-09-10T13-36-25.410Z-0057cbdc-b0e1-4ee7-ac13-4faf8b89c66b/logcat.raw.txt,UNOBSERVED,0,1163579509753125
161,run-d9ea3854337e4f178372317788f10cce,device_profile,r.Vulkan.PSOLRUEvictAfterUnusedFrames,1000,1000,,/Users/flash/Library/Application Support/TFTMAC/Modes/advanced_diagnostics/Captures/2026-09-10T13-36-25.410Z-0057cbdc-b0e1-4ee7-ac13-4faf8b89c66b/logcat.raw.txt,UNOBSERVED,0,1163579509768500
162,run-d9ea3854337e4f178372317788f10cce,device_profile,r.Vulkan.PipelineCacheFromShaderPipelineCache,1,1,,/Users/flash/Library/Application Support/TFTMAC/Modes/advanced_diagnostics/Captures/2026-09-10T13-36-25.410Z-0057cbdc-b0e1-4ee7-ac13-4faf8b89c66b/logcat.raw.txt,UNOBSERVED,0,1163579509784583
163,run-d9ea3854337e4f178372317788f10cce,device_profile,r.Vulkan.PipelineLRUCacheEvictBinary,1,1,,/Users/flash/Library/Application Support/TFTMAC/Modes/advanced_diagnostics/Captures/2026-09-10T13-36-25.410Z-0057cbdc-b0e1-4ee7-ac13-4faf8b89c66b/logcat.raw.txt,UNOBSERVED,0,1163579509808666
164,run-d9ea3854337e4f178372317788f10cce,device_profile,r.Vulkan.ReleaseShaderModuleWhenEvictingPSO,1,1,,/Users/flash/Library/Application Support/TFTMAC/Modes/advanced_diagnostics/Captures/2026-09-10T13-36-25.410Z-0057cbdc-b0e1-4ee7-ac13-4faf8b89c66b/logcat.raw.txt,UNOBSERVED,0,1163579509824125
165,run-d9ea3854337e4f178372317788f10cce,device_profile,r.Vulkan.UseChunkedPSOCache,0,0,,/Users/flash/Library/Application Support/TFTMAC/Modes/advanced_diagnostics/Captures/2026-09-10T13-36-25.410Z-0057cbdc-b0e1-4ee7-ac13-4faf8b89c66b/logcat.raw.txt,UNOBSERVED,0,1163579509850000
166,run-d9ea3854337e4f178372317788f10cce,device_profile,r.pso.CreateOnRHIThread,1,1,,/Users/flash/Library/Application Support/TFTMAC/Modes/advanced_diagnostics/Captures/2026-09-10T13-36-25.410Z-0057cbdc-b0e1-4ee7-ac13-4faf8b89c66b/logcat.raw.txt,UNOBSERVED,0,1163579509875166
167,run-d9ea3854337e4f178372317788f10cce,device_profile,r.pso.PrecompileThreadPoolPercentOfHardwareThreads,0,0,,/Users/flash/Library/Application Support/TFTMAC/Modes/advanced_diagnostics/Captures/2026-09-10T13-36-25.410Z-0057cbdc-b0e1-4ee7-ac13-4faf8b89c66b/logcat.raw.txt,UNOBSERVED,0,1163579509891166
168,run-d9ea3854337e4f178372317788f10cce,device_profile,r.pso.PrecompileThreadPoolSize,4,4,,/Users/flash/Library/Application Support/TFTMAC/Modes/advanced_diagnostics/Captures/2026-09-10T13-36-25.410Z-0057cbdc-b0e1-4ee7-ac13-4faf8b89c66b/logcat.raw.txt,UNOBSERVED,0,1163579509926291
169,run-d9ea3854337e4f178372317788f10cce,device_profile,sg.AntiAliasingQuality,1,1,,/Users/flash/Library/Application Support/TFTMAC/Modes/advanced_diagnostics/Captures/2026-09-10T13-36-25.410Z-0057cbdc-b0e1-4ee7-ac13-4faf8b89c66b/logcat.raw.txt,UNOBSERVED,0,1163579509943333
170,run-d9ea3854337e4f178372317788f10cce,device_profile,sg.EffectsQuality,1,1,,/Users/flash/Library/Application Support/TFTMAC/Modes/advanced_diagnostics/Captures/2026-09-10T13-36-25.410Z-0057cbdc-b0e1-4ee7-ac13-4faf8b89c66b/logcat.raw.txt,UNOBSERVED,0,1163579509958458
171,run-d9ea3854337e4f178372317788f10cce,device_profile,sg.PostProcessQuality,1,1,,/Users/flash/Library/Application Support/TFTMAC/Modes/advanced_diagnostics/Captures/2026-09-10T13-36-25.410Z-0057cbdc-b0e1-4ee7-ac13-4faf8b89c66b/logcat.raw.txt,UNOBSERVED,0,1163579509973916
172,run-d9ea3854337e4f178372317788f10cce,device_profile,sg.ReflectionQuality,1,1,,/Users/flash/Library/Application Support/TFTMAC/Modes/advanced_diagnostics/Captures/2026-09-10T13-36-25.410Z-0057cbdc-b0e1-4ee7-ac13-4faf8b89c66b/logcat.raw.txt,UNOBSERVED,0,1163579509989083
173,run-d9ea3854337e4f178372317788f10cce,device_profile,sg.ResolutionQuality,100,100,,/Users/flash/Library/Application Support/TFTMAC/Modes/advanced_diagnostics/Captures/2026-09-10T13-36-25.410Z-0057cbdc-b0e1-4ee7-ac13-4faf8b89c66b/logcat.raw.txt,UNOBSERVED,0,1163579510004333
174,run-d9ea3854337e4f178372317788f10cce,device_profile,sg.ShadowQuality,1,1,,/Users/flash/Library/Application Support/TFTMAC/Modes/advanced_diagnostics/Captures/2026-09-10T13-36-25.410Z-0057cbdc-b0e1-4ee7-ac13-4faf8b89c66b/logcat.raw.txt,UNOBSERVED,0,1163579510020500
175,run-d9ea3854337e4f178372317788f10cce,device_profile,sg.TextureQuality,1,1,,/Users/flash/Library/Application Support/TFTMAC/Modes/advanced_diagnostics/Captures/2026-09-10T13-36-25.410Z-0057cbdc-b0e1-4ee7-ac13-4faf8b89c66b/logcat.raw.txt,UNOBSERVED,0,1163579510036166
176,run-d9ea3854337e4f178372317788f10cce,device_profile,sg.ViewDistanceQuality,1,1,,/Users/flash/Library/Application Support/TFTMAC/Modes/advanced_diagnostics/Captures/2026-09-10T13-36-25.410Z-0057cbdc-b0e1-4ee7-ac13-4faf8b89c66b/logcat.raw.txt,UNOBSERVED,0,1163579510061500
181,run-d9ea3854337e4f178372317788f10cce,device_profile,t.MaxFPS,60,60,,/Users/flash/Library/Application Support/TFTMAC/Modes/advanced_diagnostics/Captures/2026-09-10T13-36-25.410Z-0057cbdc-b0e1-4ee7-ac13-4faf8b89c66b/logcat.raw.txt,UNOBSERVED,0,1163579510149708
177,run-d9ea3854337e4f178372317788f10cce,device_profile,tft.Audio.DeviceTier,High,High,,/Users/flash/Library/Application Support/TFTMAC/Modes/advanced_diagnostics/Captures/2026-09-10T13-36-25.410Z-0057cbdc-b0e1-4ee7-ac13-4faf8b89c66b/logcat.raw.txt,UNOBSERVED,0,1163579510077375
178,run-d9ea3854337e4f178372317788f10cce,device_profile,tft.Audio.PlayOnlyOneArenaAtATime,false,false,,/Users/flash/Library/Application Support/TFTMAC/Modes/advanced_diagnostics/Captures/2026-09-10T13-36-25.410Z-0057cbdc-b0e1-4ee7-ac13-4faf8b89c66b/logcat.raw.txt,UNOBSERVED,0,1163579510093833
179,run-d9ea3854337e4f178372317788f10cce,device_profile,tft.Audio.RestrictNumberOfAmbientSounds,false,false,,/Users/flash/Library/Application Support/TFTMAC/Modes/advanced_diagnostics/Captures/2026-09-10T13-36-25.410Z-0057cbdc-b0e1-4ee7-ac13-4faf8b89c66b/logcat.raw.txt,UNOBSERVED,0,1163579510109458
180,run-d9ea3854337e4f178372317788f10cce,device_profile,tft.DefaultFrameRateLimit,60,60,,/Users/flash/Library/Application Support/TFTMAC/Modes/advanced_diagnostics/Captures/2026-09-10T13-36-25.410Z-0057cbdc-b0e1-4ee7-ac13-4faf8b89c66b/logcat.raw.txt,UNOBSERVED,0,1163579510124833
104,run-d9ea3854337e4f178372317788f10cce,guest_property,debug.angle.feature_overrides_disabled,preferSubmitAtFBOBoundary,preferSubmitAtFBOBoundary,preferSubmitAtFBOBoundary,adb getprop,VERIFIED,0,1163579505409333
103,run-d9ea3854337e4f178372317788f10cce,guest_property,debug.angle.feature_overrides_enabled,exposeNonConformant*:exposeES32ForTesting:syncMonolithicPipelinesToBlobCache,exposeNonConformant*:exposeES32ForTesting:syncMonolithicPipelinesToBlobCache,exposeNonConformantExtensionsAndVersions:exposeES32ForTesting,adb getprop,MISMATCH,0,1163579486915750
102,run-d9ea3854337e4f178372317788f10cce,guest_property,debug.egl.blobcache.multifile,true,true,,adb getprop,MISMATCH,0,1163579469474625
96,run-d9ea3854337e4f178372317788f10cce,runtime,display.dpi,320,320,320,direct runtime identity,VERIFIED,0,1163579452259250
95,run-d9ea3854337e4f178372317788f10cce,runtime,display.height,1080,1080,1080,direct runtime identity,VERIFIED,0,1163579451852291
94,run-d9ea3854337e4f178372317788f10cce,runtime,display.width,1920,1920,1920,direct runtime identity,VERIFIED,0,1163579451834291
100,run-d9ea3854337e4f178372317788f10cce,runtime,gpu_mode,host,host,host,direct runtime identity,VERIFIED,0,1163579452342083
92,run-d9ea3854337e4f178372317788f10cce,runtime,package,com.riotgames.league.teamfighttactics,com.riotgames.league.teamfighttactics,com.riotgames.league.teamfighttactics,direct runtime identity,VERIFIED,0,1163579450855958
93,run-d9ea3854337e4f178372317788f10cce,runtime,package_version,18.1-5423749,18.1-5423749,18.1-5423749,direct runtime identity,VERIFIED,0,1163579451809875
99,run-d9ea3854337e4f178372317788f10cce,runtime,ram_mib,6144,6144,6144,direct runtime identity,VERIFIED,0,1163579452325625
97,run-d9ea3854337e4f178372317788f10cce,runtime,refresh_hz,60,60,60,direct runtime identity,VERIFIED,0,1163579452288833
101,run-d9ea3854337e4f178372317788f10cce,runtime,selected_game_rhi,OPENGL_ES_ANGLE,OPENGL_ES_ANGLE,UNKNOWN,direct runtime identity,MISMATCH,0,1163579452361750
98,run-d9ea3854337e4f178372317788f10cce,runtime,vcpu,8,8,8,direct runtime identity,VERIFIED,0,1163579452308625
